Workbook
Name Slicer_Representative: #N/A

Sheet customer center report
A1: CALL CENTER REPORT-2023
R20: {=pivots!B92:F92} -> R01 | S20: R02 | T20: R03 | U20: R04 | V20: R05 | W20: Total
Q21: {=IF(pivots!A93:G110=0,"",pivots!A93:G110)} -> Cincinnati
Q22: C0003 | R22: 891 | S22: 1332 | T22: 1282 | U22: 739 | V22: 560 | W22: 4804
Q23: C0004 | R23: 1991 | S23: 1886 | T23: 1206 | U23: 884 | V23: 1722 | W23: 7689
Q24: C0011 | R24: 1163 | S24: 1180 | T24: 1616 | U24: 1043 | V24: 1747 | W24: 6749
Q25: C0012 | R25: 1438 | S25: 1616 | T25: 866 | U25: 829 | V25: 2070 | W25: 6819
Q26: Cleveland
Q27: C0002 | R27: 1233 | S27: 223 | T27: 1680 | U27: 990 | V27: 1508 | W27: 5634
Q28: C0007 | R28: 1598 | S28: 1907 | T28: 869 | U28: 1426 | V28: 1416 | W28: 7216
Q29: C0008 | R29: 900 | S29: 1016 | T29: 960 | U29: 940 | V29: 1193 | W29: 5009
Q30: C0010 | R30: 900 | S30: 1470 | T30: 1617 | U30: 1314 | V30: 941 | W30: 6242
Q31: C0013 | R31: 1255 | S31: 516 | T31: 1874 | U31: 1863 | V31: 1722 | W31: 7230
Q32: C0015 | R32: 1138 | S32: 1898 | T32: 1482 | U32: 846 | V32: 1154 | W32: 6518
O33: =pivots!K27 -> #VALUE! | Q33: Columbus
Q34: C0001 | R34: 1655 | S34: 805 | T34: 2263 | U34: 987 | V34: 1075 | W34: 6785
Q35: C0005 | R35: 1104 | S35: 2280 | T35: 1445 | U35: 1722 | V35: 1196 | W35: 7747
Q36: C0006 | R36: 372 | S36: 1818 | T36: 1346 | U36: 1156 | V36: 1484 | W36: 6176
Q37: C0009 | R37: 1415 | S37: 1271 | T37: 1214 | U37: 1135 | V37: 1566 | W37: 6601
N38: =pivots!K23 -> %calls:100% | Q38: C0014 | R38: 1362 | S38: 1363 | T38: 1152 | U38: 777 | V38: 750 | W38: 5404
N39: =pivots!K24 -> Call Rank:189
N40: =pivots!K25 -> Amount Rank:18415

Sheet Sheet1
A1: Data returned for Call Count, Feb, R02 (First 1000 rows).
A3: calls[Call number] | B3: calls[Customer ID] | C3: calls[Duration] | D3: calls[Representative] | E3: calls[Date of Call] | F3: calls[Purchase Amount] | G3: calls[Satisfaction Rating] | H3: calls[FY] | I3: calls[Day of week] | J3: calls[Duration Bucket] | K3: calls[Rating rounded] | L3: calls[Date of Call (Month)] | M3: calls[Date of Call (Month Index)]
A4: Call_7358 | B4: C0004 | C4: 47 | D4: R02 | E4: 44959 | F4: 34 | G4: 2.1 | H4: 2023 | I4: Thursday | J4: 30 to 60 mins | K4: 2 | L4: Feb | M4: 2
A5: Call_7364 | B5: C0012 | C5: 152 | D5: R02 | E5: 44964 | F5: 123 | G5: 4.6 | H5: 2023 | I5: Tuesday | J5: More than 2 hours | K5: 5 | L5: Feb | M5: 2
A6: Call_7365 | B6: C0005 | C6: 132 | D6: R02 | E6: 44964 | F6: 43 | G6: 4.6 | H6: 2023 | I6: Tuesday | J6: More than 2 hours | K6: 5 | L6: Feb | M6: 2
A7: Call_7367 | B7: C0012 | C7: 95 | D7: R02 | E7: 44965 | F7: 130 | G7: 5 | H7: 2023 | I7: Wednesday | J7: 1 to 2 hours | K7: 5 | L7: Feb | M7: 2
A8: Call_7375 | B8: C0005 | C8: 78 | D8: R02 | E8: 44969 | F8: 23 | G8: 5 | H8: 2023 | I8: Sunday | J8: 1 to 2 hours | K8: 5 | L8: Feb | M8: 2
A9: Call_7381 | B9: C0004 | C9: 95 | D9: R02 | E9: 44972 | F9: 120 | G9: 4.8 | H9: 2023 | I9: Wednesday | J9: 1 to 2 hours | K9: 5 | L9: Feb | M9: 2
A10: Call_7389 | B10: C0003 | C10: 99 | D10: R02 | E10: 44973 | F10: 78 | G10: 4.1 | H10: 2023 | I10: Thursday | J10: 1 to 2 hours | K10: 4 | L10: Feb | M10: 2
A11: Call_7393 | B11: C0003 | C11: 68 | D11: R02 | E11: 44975 | F11: 22 | G11: 3.3 | H11: 2023 | I11: Saturday | J11: 1 to 2 hours | K11: 3 | L11: Feb | M11: 2
A12: Call_7394 | B12: C0010 | C12: 95 | D12: R02 | E12: 44975 | F12: 52 | G12: 4.8 | H12: 2023 | I12: Saturday | J12: 1 to 2 hours | K12: 5 | L12: Feb | M12: 2
A13: Call_7404 | B13: C0008 | C13: 138 | D13: R02 | E13: 44981 | F13: 35 | G13: 4.8 | H13: 2023 | I13: Friday | J13: More than 2 hours | K13: 5 | L13: Feb | M13: 2

Sheet pivots
A2: customer analyze table
A3: Call Count | B3: Total Amount | C3: Total Duration | D3: Avg Rating | E3: 5*Calls
A4: 1000 | B4: 96623 | C4: 89850 | D4: 3.8854 | E4: 307
M5: Row Labels | N5: Call Count
M6: Sunday | N6: 146
M7: Monday | N7: 133
A8: rep pivot table | M8: Tuesday | N8: 138
A9: Call Count | B9: Total Amount | C9: Total Duration | D9: Avg Rating | E9: 5*Calls | M9: Wednesday | N9: 153
A10: 1000 | B10: 96623 | C10: 89850 | D10: 3.8854 | E10: 307 | M10: Thursday | N10: 128
M11: Friday | N11: 141
M12: Saturday | N12: 161
J13: rep summary | M13: Grand Total | N13: 1000
J15: %calls | K15: =A10/A4 -> 1
J16: Call Rank | K16: =_xlfn.XLOOKUP(E49,F40:F44,G40:G44) -> 189
J17: Amount Rank | K17: =_xlfn.XLOOKUP(E49,F40:F44,H40:H44) -> 18415
J19: Call Rank | K19: =_xlfn.RANK.AVG(K16,G40:G44) -> 4
J20: Amount Rank | K20: =_xlfn.RANK.AVG(K17,H40:H44) -> 4
A21: Row Labels | B21: Call Count | C21: Call Count2
A22: Jan | B22: 79 | C22: 79 | J22: Labels:
A23: Feb | B23: 66 | C23: 66 | K23: ="%calls:"&TEXT(K15,"0%") -> %calls:100%
A24: Mar | B24: 155 | C24: 155 | K24: ="Call Rank:"&K16 -> Call Rank:189
A25: Apr | B25: 136 | C25: 136 | K25: ="Amount Rank:"&K17 -> Amount Rank:18415
A26: May | B26: 83 | C26: 83
A27: Jun | B27: 67 | C27: 67 | J27: image: | K27: =_xlfn.XLOOKUP(E49,Assets!E3:E7,Assets!F3:F7) -> #VALUE!
A28: Jul | B28: 64 | C28: 64
A29: Aug | B29: 50 | C29: 50
A30: Sep | B30: 76 | C30: 76
A31: Oct | B31: 114 | C31: 114
A32: Nov | B32: 57 | C32: 57
A33: Dec | B33: 53 | C33: 53
A34: Grand Total | B34: 1000 | C34: 1000
F37: For Graph | H37: selected rep | I37: =E49 -> R01
F39: Rep | G39: Calls | H39: Amount | I39: Sel Calls | J39: Sel. Amount
A40: Row Labels | B40: Call Count | C40: Total Amount | F40: {=A41:C45} -> R01 | G40: 189 | H40: 18415 | I40: =IF(F40=I37,G40,NA()) -> 189 | J40: =IF(F40=I37,H40,NA()) -> 18415
A41: R01 | B41: 189 | C41: 18415 | F41: R02 | G41: 218 | H41: 20581 | I41: =IF(F41=I38,G41,NA()) -> #N/A | J41: =IF(F41=I38,H41,NA()) -> #N/A
A42: R02 | B42: 218 | C42: 20581 | F42: R03 | G42: 207 | H42: 20872 | I42: =IF(F42=I39,G42,NA()) -> #N/A | J42: =IF(F42=I39,H42,NA()) -> #N/A
A43: R03 | B43: 207 | C43: 20872 | F43: R04 | G43: 186 | H43: 16651 | I43: =IF(F43=I40,G43,NA()) -> #N/A | J43: =IF(F43=I40,H43,NA()) -> #N/A
A44: R04 | B44: 186 | C44: 16651 | F44: R05 | G44: 200 | H44: 20104 | I44: =IF(F44=I41,G44,NA()) -> #N/A | J44: =IF(F44=I41,H44,NA()) -> #N/A
A45: R05 | B45: 200 | C45: 20104
A46: Grand Total | B46: 1000 | C46: 96623
E48: Row Labels
E49: R01
E50: R02
E51: R03
A52: calls by customer city | E52: R04
E53: R05
A54: Call Count | B54: Column Labels
A55: Row Labels | B55: Female | C55: Male | D55: Grand Total
A56: Cincinnati | B56: 144 | C56: 132 | D56: 276
A57: Cleveland | B57: 326 | C57: 63 | D57: 389
A58: Columbus | B58: 129 | C58: 206 | D58: 335
A59: Grand Total | B59: 599 | C59: 401 | D59: 1000
A71: rep satisfaction
A72: Row Labels | B72: Call Count
A73: 0 | B73: 1
A74: 1 | B74: 8
A75: 2 | B75: 59
A76: 3 | B76: 197
A77: 4 | B77: 428
A78: 5 | B78: 307
A79: Grand Total | B79: 1000
A90: rep anounce | E90: customer revenue analysis
A91: Total Amount | B91: Column Labels
A92: Row Labels | B92: R01 | C92: R02 | D92: R03 | E92: R04 | F92: R05 | G92: Grand Total
A93: Cincinnati
A94: C0003 | B94: 891 | C94: 1332 | D94: 1282 | E94: 739 | F94: 560 | G94: 4804
A95: C0004 | B95: 1991 | C95: 1886 | D95: 1206 | E95: 884 | F95: 1722 | G95: 7689
A96: C0011 | B96: 1163 | C96: 1180 | D96: 1616 | E96: 1043 | F96: 1747 | G96: 6749
A97: C0012 | B97: 1438 | C97: 1616 | D97: 866 | E97: 829 | F97: 2070 | G97: 6819
A98: Cleveland
A99: C0002 | B99: 1233 | C99: 223 | D99: 1680 | E99: 990 | F99: 1508 | G99: 5634
A100: C0007 | B100: 1598 | C100: 1907 | D100: 869 | E100: 1426 | F100: 1416 | G100: 7216
A101: C0008 | B101: 900 | C101: 1016 | D101: 960 | E101: 940 | F101: 1193 | G101: 5009
A102: C0010 | B102: 900 | C102: 1470 | D102: 1617 | E102: 1314 | F102: 941 | G102: 6242
A103: C0013 | B103: 1255 | C103: 516 | D103: 1874 | E103: 1863 | F103: 1722 | G103: 7230
A104: C0015 | B104: 1138 | C104: 1898 | D104: 1482 | E104: 846 | F104: 1154 | G104: 6518
A105: Columbus
A106: C0001 | B106: 1655 | C106: 805 | D106: 2263 | E106: 987 | F106: 1075 | G106: 6785
A107: C0005 | B107: 1104 | C107: 2280 | D107: 1445 | E107: 1722 | F107: 1196 | G107: 7747
A108: C0006 | B108: 372 | C108: 1818 | D108: 1346 | E108: 1156 | F108: 1484 | G108: 6176
A109: C0009 | B109: 1415 | C109: 1271 | D109: 1214 | E109: 1135 | F109: 1566 | G109: 6601
A110: C0014 | B110: 1362 | C110: 1363 | D110: 1152 | E110: 777 | F110: 750 | G110: 5404

Sheet Data
B1: Call Centre Data
B3: Call number | C3: Customer ID | D3: Duration | E3: Representative | F3: Date of Call | G3: Purchase Amount | H3: Satisfaction Rating | I3: FY | J3: Day of week | K3: Duration Bucket | L3: Rating rounded | Q3: Customer ID | R3: Gedner | S3: Age | T3: City
B4: Call_7271 | C4: C0003 | D4: 116 | E4: R05 | F4: 44927 | G4: 128 | H4: 4.9 | I4: =IF(MONTH(calls[[#This Row],[Date of Call]])<=6, YEAR(calls[[#This Row],[Date of Call]]), YEAR(calls[[#This Row],[Date of Call]])+1) -> 2023 | J4: =TEXT(calls[[#This Row],[Date of Call]],"DDDD") -> Sunday | K4: {=_xlfn.IFS(calls[[#This Row],[Duration]]<=10,"Under 10 mins", calls[[#This Row],[Duration]]<=30, "10 to 30 mins", calls[[#This Row],[Duration]]<=60, "30 to 60 mins", calls[[#This Row],[Duration]]<=120, "1 to 2 hours", TRUE, "More than 2 hours")} -> 1 to 2 hours | L4: =ROUND(calls[[#This Row],[Satisfaction Rating]],0) -> 5 | Q4: C0001 | R4: Male | S4: 41 | T4: Columbus
B5: Call_7272 | C5: C0004 | D5: 119 | E5: R05 | F5: 44927 | G5: 135 | H5: 2.9 | I5: =IF(MONTH(calls[[#This Row],[Date of Call]])<=6, YEAR(calls[[#This Row],[Date of Call]]), YEAR(calls[[#This Row],[Date of Call]])+1) -> 2023 | J5: =TEXT(calls[[#This Row],[Date of Call]],"DDDD") -> Sunday | K5: {=_xlfn.IFS(calls[[#This Row],[Duration]]<=10,"Under 10 mins", calls[[#This Row],[Duration]]<=30, "10 to 30 mins", calls[[#This Row],[Duration]]<=60, "30 to 60 mins", calls[[#This Row],[Duration]]<=120, "1 to 2 hours", TRUE, "More than 2 hours")} -> 1 to 2 hours | L5: =ROUND(calls[[#This Row],[Satisfaction Rating]],0) -> 3 | Q5: C0002 | R5: Male | S5: 31 | T5: Cleveland
B6: Call_7273 | C6: C0005 | D6: 68 | E6: R02 | F6: 44927 | G6: 66 | H6: 4.7 | I6: =IF(MONTH(calls[[#This Row],[Date of Call]])<=6, YEAR(calls[[#This Row],[Date of Call]]), YEAR(calls[[#This Row],[Date of Call]])+1) -> 2023 | J6: =TEXT(calls[[#This Row],[Date of Call]],"DDDD") -> Sunday | K6: {=_xlfn.IFS(calls[[#This Row],[Duration]]<=10,"Under 10 mins", calls[[#This Row],[Duration]]<=30, "10 to 30 mins", calls[[#This Row],[Duration]]<=60, "30 to 60 mins", calls[[#This Row],[Duration]]<=120, "1 to 2 hours", TRUE, "More than 2 hours")} -> 1 to 2 hours | L6: =ROUND(calls[[#This Row],[Satisfaction Rating]],0) -> 5 | Q6: C0003 | R6: Male | S6: 26 | T6: Cincinnati
B7: Call_7274 | C7: C0014 | D7: 119 | E7: R02 | F7: 44927 | G7: 22 | H7: 2.9 | I7: =IF(MONTH(calls[[#This Row],[Date of Call]])<=6, YEAR(calls[[#This Row],[Date of Call]]), YEAR(calls[[#This Row],[Date of Call]])+1) -> 2023 | J7: =TEXT(calls[[#This Row],[Date of Call]],"DDDD") -> Sunday | K7: {=_xlfn.IFS(calls[[#This Row],[Duration]]<=10,"Under 10 mins", calls[[#This Row],[Duration]]<=30, "10 to 30 mins", calls[[#This Row],[Duration]]<=60, "30 to 60 mins", calls[[#This Row],[Duration]]<=120, "1 to 2 hours", TRUE, "More than 2 hours")} -> 1 to 2 hours | L7: =ROUND(calls[[#This Row],[Satisfaction Rating]],0) -> 3 | Q7: C0004 | R7: Male | S7: 36 | T7: Cincinnati
B8: Call_7275 | C8: C0011 | D8: 128 | E8: R01 | F8: 44928 | G8: 31 | H8: 2.8 | I8: =IF(MONTH(calls[[#This Row],[Date of Call]])<=6, YEAR(calls[[#This Row],[Date of Call]]), YEAR(calls[[#This Row],[Date of Call]])+1) -> 2023 | J8: =TEXT(calls[[#This Row],[Date of Call]],"DDDD") -> Monday | K8: {=_xlfn.IFS(calls[[#This Row],[Duration]]<=10,"Under 10 mins", calls[[#This Row],[Duration]]<=30, "10 to 30 mins", calls[[#This Row],[Duration]]<=60, "30 to 60 mins", calls[[#This Row],[Duration]]<=120, "1 to 2 hours", TRUE, "More than 2 hours")} -> More than 2 hours | L8: =ROUND(calls[[#This Row],[Satisfaction Rating]],0) -> 3 | Q8: C0005 | R8: Male | S8: 37 | T8: Columbus
B9: Call_7276 | C9: C0011 | D9: 49 | E9: R02 | F9: 44929 | G9: 135 | H9: 4.8 | I9: =IF(MONTH(calls[[#This Row],[Date of Call]])<=6, YEAR(calls[[#This Row],[Date of Call]]), YEAR(calls[[#This Row],[Date of Call]])+1) -> 2023 | J9: =TEXT(calls[[#This Row],[Date of Call]],"DDDD") -> Tuesday | K9: {=_xlfn.IFS(calls[[#This Row],[Duration]]<=10,"Under 10 mins", calls[[#This Row],[Duration]]<=30, "10 to 30 mins", calls[[#This Row],[Duration]]<=60, "30 to 60 mins", calls[[#This Row],[Duration]]<=120, "1 to 2 hours", TRUE, "More than 2 hours")} -> 30 to 60 mins | L9: =ROUND(calls[[#This Row],[Satisfaction Rating]],0) -> 5 | Q9: C0006 | R9: Male | S9: 23 | T9: Columbus
B10: Call_7277 | C10: C0007 | D10: 84 | E10: R05 | F10: 44929 | G10: 60 | H10: 4.7 | I10: =IF(MONTH(calls[[#This Row],[Date of Call]])<=6, YEAR(calls[[#This Row],[Date of Call]]), YEAR(calls[[#This Row],[Date of Call]])+1) -> 2023 | J10: =TEXT(calls[[#This Row],[Date of Call]],"DDDD") -> Tuesday | K10: {=_xlfn.IFS(calls[[#This Row],[Duration]]<=10,"Under 10 mins", calls[[#This Row],[Duration]]<=30, "10 to 30 mins", calls[[#This Row],[Duration]]<=60, "30 to 60 mins", calls[[#This Row],[Duration]]<=120, "1 to 2 hours", TRUE, "More than 2 hours")} -> 1 to 2 hours | L10: =ROUND(calls[[#This Row],[Satisfaction Rating]],0) -> 5 | Q10: C0007 | R10: Female | S10: 22 | T10: Cleveland
B11: Call_7278 | C11: C0003 | D11: 103 | E11: R04 | F11: 44929 | G11: 148 | H11: 4.4 | I11: =IF(MONTH(calls[[#This Row],[Date of Call]])<=6, YEAR(calls[[#This Row],[Date of Call]]), YEAR(calls[[#This Row],[Date of Call]])+1) -> 2023 | J11: =TEXT(calls[[#This Row],[Date of Call]],"DDDD") -> Tuesday | K11: {=_xlfn.IFS(calls[[#This Row],[Duration]]<=10,"Under 10 mins", calls[[#This Row],[Duration]]<=30, "10 to 30 mins", calls[[#This Row],[Duration]]<=60, "30 to 60 mins", calls[[#This Row],[Duration]]<=120, "1 to 2 hours", TRUE, "More than 2 hours")} -> 1 to 2 hours | L11: =ROUND(calls[[#This Row],[Satisfaction Rating]],0) -> 4 | Q11: C0008 | R11: Female | S11: 42 | T11: Cleveland
B12: Call_7279 | C12: C0005 | D12: 31 | E12: R02 | F12: 44929 | G12: 135 | H12: 3.6 | I12: =IF(MONTH(calls[[#This Row],[Date of Call]])<=6, YEAR(calls[[#This Row],[Date of Call]]), YEAR(calls[[#This Row],[Date of Call]])+1) -> 2023 | J12: =TEXT(calls[[#This Row],[Date of Call]],"DDDD") -> Tuesday | K12: {=_xlfn.IFS(calls[[#This Row],[Duration]]<=10,"Under 10 mins", calls[[#This Row],[Duration]]<=30, "10 to 30 mins", calls[[#This Row],[Duration]]<=60, "30 to 60 mins", calls[[#This Row],[Duration]]<=120, "1 to 2 hours", TRUE, "More than 2 hours")} -> 30 to 60 mins | L12: =ROUND(calls[[#This Row],[Satisfaction Rating]],0) -> 4 | Q12: C0009 | R12: Female | S12: 25 | T12: Columbus
B13: Call_7280 | C13: C0010 | D13: 44 | E13: R03 | F13: 44929 | G13: 105 | H13: 2.9 | I13: =IF(MONTH(calls[[#This Row],[Date of Call]])<=6, YEAR(calls[[#This Row],[Date of Call]]), YEAR(calls[[#This Row],[Date of Call]])+1) -> 2023 | J13: =TEXT(calls[[#This Row],[Date of Call]],"DDDD") -> Tuesday | K13: {=_xlfn.IFS(calls[[#This Row],[Duration]]<=10,"Under 10 mins", calls[[#This Row],[Duration]]<=30, "10 to 30 mins", calls[[#This Row],[Duration]]<=60, "30 to 60 mins", calls[[#This Row],[Duration]]<=120, "1 to 2 hours", TRUE, "More than 2 hours")} -> 30 to 60 mins | L13: =ROUND(calls[[#This Row],[Satisfaction Rating]],0) -> 3 | Q13: C0010 | R13: Female | S13: 30 | T13: Cleveland
B14: Call_7281 | C14: C0011 | D14: 102 | E14: R02 | F14: 44929 | G14: 69 | H14: 4.9 | I14: =IF(MONTH(calls[[#This Row],[Date of Call]])<=6, YEAR(calls[[#This Row],[Date of Call]]), YEAR(calls[[#This Row],[Date of Call]])+1) -> 2023 | J14: =TEXT(calls[[#This Row],[Date of Call]],"DDDD") -> Tuesday | K14: {=_xlfn.IFS(calls[[#This Row],[Duration]]<=10,"Under 10 mins", calls[[#This Row],[Duration]]<=30, "10 to 30 mins", calls[[#This Row],[Duration]]<=60, "30 to 60 mins", calls[[#This Row],[Duration]]<=120, "1 to 2 hours", TRUE, "More than 2 hours")} -> 1 to 2 hours | L14: =ROUND(calls[[#This Row],[Satisfaction Rating]],0) -> 5 | Q14: C0011 | R14: Female | S14: 30 | T14: Cincinnati
B15: Call_7282 | C15: C0013 | D15: 135 | E15: R05 | F15: 44929 | G15: 46 | H15: 3.4 | I15: =IF(MONTH(calls[[#This Row],[Date of Call]])<=6, YEAR(calls[[#This Row],[Date of Call]]), YEAR(calls[[#This Row],[Date of Call]])+1) -> 2023 | J15: =TEXT(calls[[#This Row],[Date of Call]],"DDDD") -> Tuesday | K15: {=_xlfn.IFS(calls[[#This Row],[Duration]]<=10,"Under 10 mins", calls[[#This Row],[Duration]]<=30, "10 to 30 mins", calls[[#This Row],[Duration]]<=60, "30 to 60 mins", calls[[#This Row],[Duration]]<=120, "1 to 2 hours", TRUE, "More than 2 hours")} -> More than 2 hours | L15: =ROUND(calls[[#This Row],[Satisfaction Rating]],0) -> 3 | Q15: C0012 | R15: Female | S15: 28 | T15: Cincinnati
... B18: Call_7285 | C18: C0013 | D18: 48 | E18: R01 | F18: 44930 | G18: 68 | H18: 4.9 | I18: =IF(MONTH(calls[[#This Row],[Date of Call]])<=6, YEAR(calls[[#This Row],[Date of Call]]), YEAR(calls[[#This Row],[Date of Call]])+1) -> 2023 | J18: =TEXT(calls[[#This Row],[Date of Call]],"DDDD") -> Wednesday | K18: {=_xlfn.IFS(calls[[#This Row],[Duration]]<=10,"Under 10 mins", calls[[#This Row],[Duration]]<=30, "10 to 30 mins", calls[[#This Row],[Duration]]<=60, "30 to 60 mins", calls[[#This Row],[Duration]]<=120, "1 to 2 hours", TRUE, "More than 2 hours")} -> 30 to 60 mins | L18: =ROUND(calls[[#This Row],[Satisfaction Rating]],0) -> 5 | Q18: C0015 | R18: Female | S18: 43 | T18: Cleveland
B19: Call_7286 | C19: C0010 | D19: 176 | E19: R05 | F19: 44931 | G19: 24 | H19: 4.8 | I19: =IF(MONTH(calls[[#This Row],[Date of Call]])<=6, YEAR(calls[[#This Row],[Date of Call]]), YEAR(calls[[#This Row],[Date of Call]])+1) -> 2023 | J19: =TEXT(calls[[#This Row],[Date of Call]],"DDDD") -> Thursday | K19: {=_xlfn.IFS(calls[[#This Row],[Duration]]<=10,"Under 10 mins", calls[[#This Row],[Duration]]<=30, "10 to 30 mins", calls[[#This Row],[Duration]]<=60, "30 to 60 mins", calls[[#This Row],[Duration]]<=120, "1 to 2 hours", TRUE, "More than 2 hours")} -> More than 2 hours | L19: =ROUND(calls[[#This Row],[Satisfaction Rating]],0) -> 5
B20: Call_7287 | C20: C0010 | D20: 99 | E20: R01 | F20: 44931 | G20: 195 | H20: 3.9 | I20: =IF(MONTH(calls[[#This Row],[Date of Call]])<=6, YEAR(calls[[#This Row],[Date of Call]]), YEAR(calls[[#This Row],[Date of Call]])+1) -> 2023 | J20: =TEXT(calls[[#This Row],[Date of Call]],"DDDD") -> Thursday | K20: {=_xlfn.IFS(calls[[#This Row],[Duration]]<=10,"Under 10 mins", calls[[#This Row],[Duration]]<=30, "10 to 30 mins", calls[[#This Row],[Duration]]<=60, "30 to 60 mins", calls[[#This Row],[Duration]]<=120, "1 to 2 hours", TRUE, "More than 2 hours")} -> 1 to 2 hours | L20: =ROUND(calls[[#This Row],[Satisfaction Rating]],0) -> 4
B21: Call_7288 | C21: C0009 | D21: 28 | E21: R03 | F21: 44931 | G21: 28 | H21: 3.8 | I21: =IF(MONTH(calls[[#This Row],[Date of Call]])<=6, YEAR(calls[[#This Row],[Date of Call]]), YEAR(calls[[#This Row],[Date of Call]])+1) -> 2023 | J21: =TEXT(calls[[#This Row],[Date of Call]],"DDDD") -> Thursday | K21: {=_xlfn.IFS(calls[[#This Row],[Duration]]<=10,"Under 10 mins", calls[[#This Row],[Duration]]<=30, "10 to 30 mins", calls[[#This Row],[Duration]]<=60, "30 to 60 mins", calls[[#This Row],[Duration]]<=120, "1 to 2 hours", TRUE, "More than 2 hours")} -> 10 to 30 mins | L21: =ROUND(calls[[#This Row],[Satisfaction Rating]],0) -> 4
B22: Call_7289 | C22: C0007 | D22: 54 | E22: R02 | F22: 44931 | G22: 170 | H22: 4.3 | I22: =IF(MONTH(calls[[#This Row],[Date of Call]])<=6, YEAR(calls[[#This Row],[Date of Call]]), YEAR(calls[[#This Row],[Date of Call]])+1) -> 2023 | J22: =TEXT(calls[[#This Row],[Date of Call]],"DDDD") -> Thursday | K22: {=_xlfn.IFS(calls[[#This Row],[Duration]]<=10,"Under 10 mins", calls[[#This Row],[Duration]]<=30, "10 to 30 mins", calls[[#This Row],[Duration]]<=60, "30 to 60 mins", calls[[#This Row],[Duration]]<=120, "1 to 2 hours", TRUE, "More than 2 hours")} -> 30 to 60 mins | L22: =ROUND(calls[[#This Row],[Satisfaction Rating]],0) -> 4
B23: Call_7290 | C23: C0006 | D23: 48 | E23: R05 | F23: 44932 | G23: 30 | H23: 4.4 | I23: =IF(MONTH(calls[[#This Row],[Date of Call]])<=6, YEAR(calls[[#This Row],[Date of Call]]), YEAR(calls[[#This Row],[Date of Call]])+1) -> 2023 | J23: =TEXT(calls[[#This Row],[Date of Call]],"DDDD") -> Friday | K23: {=_xlfn.IFS(calls[[#This Row],[Duration]]<=10,"Under 10 mins", calls[[#This Row],[Duration]]<=30, "10 to 30 mins", calls[[#This Row],[Duration]]<=60, "30 to 60 mins", calls[[#This Row],[Duration]]<=120, "1 to 2 hours", TRUE, "More than 2 hours")} -> 30 to 60 mins | L23: =ROUND(calls[[#This Row],[Satisfaction Rating]],0) -> 4
B24: Call_7291 | C24: C0004 | D24: 128 | E24: R05 | F24: 44932 | G24: 72 | H24: 5 | I24: =IF(MONTH(calls[[#This Row],[Date of Call]])<=6, YEAR(calls[[#This Row],[Date of Call]]), YEAR(calls[[#This Row],[Date of Call]])+1) -> 2023 | J24: =TEXT(calls[[#This Row],[Date of Call]],"DDDD") -> Friday | K24: {=_xlfn.IFS(calls[[#This Row],[Duration]]<=10,"Under 10 mins", calls[[#This Row],[Duration]]<=30, "10 to 30 mins", calls[[#This Row],[Duration]]<=60, "30 to 60 mins", calls[[#This Row],[Duration]]<=120, "1 to 2 hours", TRUE, "More than 2 hours")} -> More than 2 hours | L24: =ROUND(calls[[#This Row],[Satisfaction Rating]],0) -> 5
B25: Call_7292 | C25: C0004 | D25: 38 | E25: R04 | F25: 44933 | G25: 92 | H25: 4.9 | I25: =IF(MONTH(calls[[#This Row],[Date of Call]])<=6, YEAR(calls[[#This Row],[Date of Call]]), YEAR(calls[[#This Row],[Date of Call]])+1) -> 2023 | J25: =TEXT(calls[[#This Row],[Date of Call]],"DDDD") -> Saturday | K25: {=_xlfn.IFS(calls[[#This Row],[Duration]]<=10,"Under 10 mins", calls[[#This Row],[Duration]]<=30, "10 to 30 mins", calls[[#This Row],[Duration]]<=60, "30 to 60 mins", calls[[#This Row],[Duration]]<=120, "1 to 2 hours", TRUE, "More than 2 hours")} -> 30 to 60 mins | L25: =ROUND(calls[[#This Row],[Satisfaction Rating]],0) -> 5
B26: Call_7293 | C26: C0003 | D26: 67 | E26: R04 | F26: 44934 | G26: 165 | H26: 4.5 | I26: =IF(MONTH(calls[[#This Row],[Date of Call]])<=6, YEAR(calls[[#This Row],[Date of Call]]), YEAR(calls[[#This Row],[Date of Call]])+1) -> 2023 | J26: =TEXT(calls[[#This Row],[Date of Call]],"DDDD") -> Sunday | K26: {=_xlfn.IFS(calls[[#This Row],[Duration]]<=10,"Under 10 mins", calls[[#This Row],[Duration]]<=30, "10 to 30 mins", calls[[#This Row],[Duration]]<=60, "30 to 60 mins", calls[[#This Row],[Duration]]<=120, "1 to 2 hours", TRUE, "More than 2 hours")} -> 1 to 2 hours | L26: =ROUND(calls[[#This Row],[Satisfaction Rating]],0) -> 5
B27: Call_7294 | C27: C0015 | D27: 58 | E27: R02 | F27: 44934 | G27: 140 | H27: 2.1 | I27: =IF(MONTH(calls[[#This Row],[Date of Call]])<=6, YEAR(calls[[#This Row],[Date of Call]]), YEAR(calls[[#This Row],[Date of Call]])+1) -> 2023 | J27: =TEXT(calls[[#This Row],[Date of Call]],"DDDD") -> Sunday | K27: {=_xlfn.IFS(calls[[#This Row],[Duration]]<=10,"Under 10 mins", calls[[#This Row],[Duration]]<=30, "10 to 30 mins", calls[[#This Row],[Duration]]<=60, "30 to 60 mins", calls[[#This Row],[Duration]]<=120, "1 to 2 hours", TRUE, "More than 2 hours")} -> 30 to 60 mins | L27: =ROUND(calls[[#This Row],[Satisfaction Rating]],0) -> 2
B28: Call_7295 | C28: C0010 | D28: 54 | E28: R01 | F28: 44934 | G28: 111 | H28: 3.3 | I28: =IF(MONTH(calls[[#This Row],[Date of Call]])<=6, YEAR(calls[[#This Row],[Date of Call]]), YEAR(calls[[#This Row],[Date of Call]])+1) -> 2023 | J28: =TEXT(calls[[#This Row],[Date of Call]],"DDDD") -> Sunday | K28: {=_xlfn.IFS(calls[[#This Row],[Duration]]<=10,"Under 10 mins", calls[[#This Row],[Duration]]<=30, "10 to 30 mins", calls[[#This Row],[Duration]]<=60, "30 to 60 mins", calls[[#This Row],[Duration]]<=120, "1 to 2 hours", TRUE, "More than 2 hours")} -> 30 to 60 mins | L28: =ROUND(calls[[#This Row],[Satisfaction Rating]],0) -> 3
B29: Call_7296 | C29: C0012 | D29: 28 | E29: R05 | F29: 44935 | G29: 63 | H29: 4.1 | I29: =IF(MONTH(calls[[#This Row],[Date of Call]])<=6, YEAR(calls[[#This Row],[Date of Call]]), YEAR(calls[[#This Row],[Date of Call]])+1) -> 2023 | J29: =TEXT(calls[[#This Row],[Date of Call]],"DDDD") -> Monday | K29: {=_xlfn.IFS(calls[[#This Row],[Duration]]<=10,"Under 10 mins", calls[[#This Row],[Duration]]<=30, "10 to 30 mins", calls[[#This Row],[Duration]]<=60, "30 to 60 mins", calls[[#This Row],[Duration]]<=120, "1 to 2 hours", TRUE, "More than 2 hours")} -> 10 to 30 mins | L29: =ROUND(calls[[#This Row],[Satisfaction Rating]],0) -> 4
B30: Call_7297 | C30: C0002 | D30: 73 | E30: R05 | F30: 44935 | G30: 80 | H30: 4.2 | I30: =IF(MONTH(calls[[#This Row],[Date of Call]])<=6, YEAR(calls[[#This Row],[Date of Call]]), YEAR(calls[[#This Row],[Date of Call]])+1) -> 2023 | J30: =TEXT(calls[[#This Row],[Date of Call]],"DDDD") -> Monday | K30: {=_xlfn.IFS(calls[[#This Row],[Duration]]<=10,"Under 10 mins", calls[[#This Row],[Duration]]<=30, "10 to 30 mins", calls[[#This Row],[Duration]]<=60, "30 to 60 mins", calls[[#This Row],[Duration]]<=120, "1 to 2 hours", TRUE, "More than 2 hours")} -> 1 to 2 hours | L30: =ROUND(calls[[#This Row],[Satisfaction Rating]],0) -> 4
... B1003: Call_8270 | C1003: C0009 | D1003: 114 | E1003: R01 | F1003: 45291 | G1003: 40 | H1003: 3.9 | I1003: =IF(MONTH(calls[[#This Row],[Date of Call]])<=6, YEAR(calls[[#This Row],[Date of Call]]), YEAR(calls[[#This Row],[Date of Call]])+1) -> 2024 | J1003: =TEXT(calls[[#This Row],[Date of Call]],"DDDD") -> Sunday | K1003: {=_xlfn.IFS(calls[[#This Row],[Duration]]<=10,"Under 10 mins", calls[[#This Row],[Duration]]<=30, "10 to 30 mins", calls[[#This Row],[Duration]]<=60, "30 to 60 mins", calls[[#This Row],[Duration]]<=120, "1 to 2 hours", TRUE, "More than 2 hours")} -> 1 to 2 hours | L1003: =ROUND(calls[[#This Row],[Satisfaction Rating]],0) -> 4

Sheet Assets
E2: Rep ID | F2: Rep Image
E3: R01 | F3: #VALUE!
E4: R02 | F4: #VALUE!
E5: R03 | F5: #VALUE!
E6: R04 | F6: #VALUE!
E7: R05 | F7: #VALUE!
